Subreddit,City,Nickname,color_scheme,start_month,start_day,start_hour,start_minute
49ers,San Francisco,49ers,YlOrRed,9,9,13,0
chibears,Chicago,Bears,PuBu,9,9,20,20
bengals,Cincinnati,Bengals,Oranges,9,9,13,0
buffalobills,Buffalo,Bills,seismic,9,9,13,0
denverbroncos,Denver,Broncos,BuOr,9,9,16,25
browns,Cleveland,Browns,YlOrBr,9,9,13,0
buccaneers,Tampa Bay,Buccaneers,YlOrRed,9,9,13,0
azcardinals,Arizona,Cardinals,Reds,9,9,16,25
chargers,Los Angeles,Chargers,YlBu,9,9,16,5
kansascitychiefs,Kansas City,Chiefs,OrRd,9,9,16,5
colts,Indianapolis,Colts,Blues,9,9,13,0
cowboys,Dallas,Cowboys,Blues,9,9,16,25
miamidolphins,Miami,Dolphins,winter,9,9,13,0
eagles,Philadelphia,Eagles,BuGn,9,6,20,20
falcons,Atlanta,Falcons,Reds,9,6,20,20
nygiants,New York,Giants,Blues,9,9,13,0
jaguars,Jacksonville,Jaguars,YlGnBu,9,9,13,0
nyjets,New York,Jets,Greens,9,10,19,10
detroitlions,Detroit,Lions,Blues,9,10,19,10
greenbaypackers,Green Bay,Packers,YlGn,9,9,20,20
panthers,Carolina,Panthers,Blues,9,9,16,25
patriots,New England,Patriots,seismic,9,9,13,0
oaklandraiders,Oakland,Raiders,Greys,9,10,22,20
losangelesrams,Los Angeles,Rams,YlBu,9,10,22,20
ravens,Baltimore,Ravens,Purples,9,9,13,0
redskins,Washington,Redskins,Reds,9,9,16,25
saints,New Orleans,Saints,copper,9,9,13,0
seahawks,Seattle,Seahawks,YlGnBu,9,9,16,25
steelers,Pittsburgh,Steelers,autumn,9,9,13,0
texans,Houston,Texans,bwr,9,9,13,0
tennesseetitans,Tennesee,Titans,Blues,9,9,13,0
minnesotavikings,Minnesota,Vikings,Purples,9,9,13,0
